index	label	text
0	1	CAATGAAGTCTTGCTGATCCATCAATTATCTAAAGATTATC
1	1	TGATTCATAATGTATTTACCATTTAGCAATATGATTCTCCA
2	1	TTTAGCATATCAGCATTTCGAGTGGACAACAGCGCGACATG
3	1	TTTTAAATTTGGGCTTGTTTAGGTGTCATTCTCAGTTCAAA
4	1	TCACACAGGAGATCCGGAACATGCAGCGTCACCCTCTCGGG
5	1	TAGATCCTGTTGCAGAAAACATCGAGTATGAATAGCTCATT
6	1	GTTCAAGATGTGAGCACAACACCGAACATGAAAGAATCTGC
7	1	GTAGAGCAAAGTGTAGTAGTAGGCACTTCTAGGCCCCTTCC
8	1	AGATAGAAGAGATCGAACATAGGAATAAGAAGCAAGCTTGC
9	1	AATTCCATCAATTTTTGTTGAGGCAATTCTTACTTGTTCAT
10	1	ATTCAGGTTCGTTATCGATTAGGTATTAATGGGATCATAAA
11	1	ATTCTCATGAGCAGACATAGAACGATTAATTTATATTTCTT
12	1	GACTTTTCGCAAGCTAATTCAGAAATGAAAGAAGTCTACCA
13	1	AAGGAAGTGAGACCAAGCCGAGCCACTAGTGGAGTGGCGAA
14	1	ACTGAAGCCTAGAGAGGCGGAAGCAGTAGCTTATAGGATGA
15	1	CCATATACCAGTCATAAGCGATACTGAAGCCTAGAGAGGCG
16	1	CCCAAGAGGGCAGCTCCAAGAGAGAGGAAGTCCAACTCCCG
17	1	TATCACAAATATCGTAGATCAGTGAGCGGCTTTCAACCACC
18	1	ACTTGCACATAAACTCCTTTAGGTAACAATGAAATCCAACA
19	1	GACCGGAGCTTCGACTAGAGAGGTAGCTTCGAGCGGAGCTA
20	1	TGATAGCGAGCTCGATCAGTAGGTACCTAATCTGGATACTC
21	1	AAATTCGTCATCGTTATGACATCGATCGGCTCGGTCAAACG
22	1	TATCACAAATATCTTAGACCAGGAGTGTGTAAAATTATTTT
23	1	GTGGCGTCAATGCCACCCTGAGGCCGCAGGGGGACGGCGGC
24	1	TGCCAGAAACCCGACTTTACATCGAATTTCGAAAAGACTTT
25	1	CGAAGAGGAAGAACCCTAGAACCGATTTCCATATTTCATTA
26	1	AGTAAAGAACAATACATGACATTGAGCATCAATTCTTTCTA
27	1	CAGATGCCTTACTGTTTCTGAGGCGACATATTGATCCCAGC
28	1	ACCCGTCTTCAAACGCCACTAGGTACCTATTTTCCAGCGCT
29	1	CAACTCCAGGAGTCCAAAACAGGCGGCGCCACCCCCAGAAT
30	1	ACAATGGTGTGGGATATCCTAGGTGGCAGCCAATGAGCATC
31	1	CCCTTCGGCAAGGGCAAGCGAGGCAGCAAAACTCGCCGTTA
32	1	GAGGAGTTCCACTCATGAAAACCGACTAGCCCCGCTAGTCA
33	1	TCTGGTCAGAAAAGTCATCAAGGCAGCGAGAATTAATGATC
34	1	GACAAATAGAATCCCAAGCAAGGCAGTGGATTTGATTCCTT
35	1	GCTTGGTCCTTCCGCAATCCACCGAACTGTTTCAGATATGT
36	1	CGCTCTGCTCGATCTACAACATCGAGTATCGATTTTGTGAT
37	1	TGCTAAAGACTTGTTGCACAAGGCAGGAATGGATGCATGTC
38	1	GTCAATTCCTAGATCAAAACAATTGGCAAGTATTTGAAGTA
39	1	CAAAGGCACTGAACGAAGTGAAGTGGGAAGAAAGAGAGAGA
40	1	GAATAAGCAGTGGTGTACCAAGTGCAGCCATGTCCCCTCGA
41	1	CTCACATGGATTCCTCTCGCAGAGAATAAGCAGTGGTGTAC
42	1	GCGTGGTTGCATGCTTATTGAGAGAGCTTTTTGCAGTCTAT
43	1	CATTCATTGCTAACTGAACAAGAATGCAAGAAGCTTAGCGG
44	1	TCGATGACACGAGCATAATAAGGCAGGATTTCAATCATAGC
45	1	CTTTCAATCTCAAGCCTAAAAGCGACTGTAGCATCCACCAC
46	1	GCATCCCAAACCTCTGTGGCACCGAACAACTTTTCTCCGTT
47	1	CTGATTAAAATGCATGAAAGATGCAACAATGCTATCCGGTC
48	1	TTTGATAATATTCTATCCTGAGAGAGCTTCAACCCACACAA
49	1	AGTAACTAAAACTCCAAGCAAAGTAAGACATGACACCGATG
50	1	GGCTTTTAGCACCGAAGCGAAGTAACTAAAACTCCAAGCAA
51	1	CGAAGAGAGGGTATTCGTTAAAGCAGTAATCATCGAAGGAG
52	1	AGCTCTCTCTGTCACAATAAAGGCAGCTACTGCTAGGCTCT
53	1	TTGTACGAGGTTGAATCAAAAGAGGACACATCAAATAGGCT
54	1	ATTAGTTCCTGTAGAGGGAGAATTAGTAACATCCACTGAAG
55	1	CTGGCCCTGCATGTGCATTTAGTAGAATATTTCCTAGCGCT
56	1	AGCATTCCCCGGAAGCGCCGAGTGGCCTTAGAACAGCTTTC
57	1	GATCATTCTCCTCATTTTTGAATGAATTATTTAAATTGCGT
58	1	TCTTACCTTCCCATACGAGTAGTGAAGAACTATAGAGAGGT
59	1	ATCAGATAATGAACCATACAAGGTACTAATAGATCAATTGA
60	1	TTAGATATTAAAAAAAAAAGAGAGAGCAATATTCCAACTGT
61	1	GAAATTCTTCTCCTCACTCTAGAGAGCAACAATCAAGTTGG
62	1	TCAACCATAAATACCAAGAGAGGCAGTATCCCAATGGCCAC
63	1	GTCTAATACAATCTGAAAACATTGAATATCCAATTCTGAGA
64	1	TAAATAAGAAGATATTAATCATGTACTATATATATATTTAT
65	1	AGAGCTTCTTGGAATGGTAGATAGAACAGTAAGTATCGGTC
66	1	ATTTCCGGCAACCTCCGGTGAGGTAGCAGAAGCTACTGTCA
67	1	AGAAAGGACCAAAACGTTATATATAGCAATGTAATAACAGT
68	1	TGAAAACGACATAGACGATGAGGCAGGAACGAAAAAGAATC
69	1	ACCTTAAGACTTGTTAGACTAGGCAGTAATGGAGGGAAGGT
70	1	GTAACTAACTAGTAACCACCATTTGGCGACGTGGTTAGGAT
71	1	ATAGAGAATGAGGAGAGGAGAGAGAGCAGCCCAAAGGGGCT
72	1	ATACAGAGGTAGGGACGCAAAGGCAGGACAAAGTTCTTCCC
73	1	AACTTTAGACAATATCGGTGAGGTATTAATCATGTAATGAT
74	1	GGGCTTTGCCGGGGCATGAGAGAGGTCAGCGTATTGTTGAC
75	1	CGAAATAACGAAAAAGTAAAAGTCTTTGGGCATGGATATTC
76	1	GCCAATAAAAATAGAAAATGAGAGACCCAAAGTAATGAGAA
77	1	TGGGACTCCTGCGGGTAATGAGATGCTTAAAAAATGAAGCC
78	1	CGTAGAAACATGAGCTTGTGATATAGCTACACCTAATTCCG
79	1	ATTCAAGTAAATACAGATTGAGATCGTAGAAACATGAGCTT
80	1	AAAAAGAAACAGCCCATGTAAGGCTCTAGACCTACTTTCGT
81	1	CTCTTCGCACCCTGATCCAGACCCAGCTACTAGAGCATGCT
82	1	AGTGAGGAACTCCCTAACCGAGCTCGCAACGCAATGGAATG
83	1	GTCTCCGCCCACTCGCTAAAAGGAGAAGTTTCAGACAGCGA
84	1	TCCGTCTATTCTTTCTCTATATGCCACAACAAAAGCGGTCT
85	1	CAGAGGCACTGAACATAGTGAGGTGGGACCCACGGGAGAGG
86	1	TGATCTATCGATCCGATCAGAGGCACTGAACATAGTGAGGT
87	1	AAACCTTTGACCTGGAGATGACGCAGCTACCTTTTCTCCAA
88	1	AAGACTCTTTTTGGTTAGTTAGGTTCTTGCTGGATTCTAAT
89	1	CCGCGGATTGAAGCCTGTTGAGTTTCTAAATCGAATGTAAC
90	1	TGCTCGACCTTAAGGCACCAAGGGTGAAAATAAGTTTCGAA
91	1	AGGCACCAAGGGTGAAAATAAGTTTCGAAGTCCAACGGGTT
92	1	AATTGCACTTAGAGCACTTGAGGCACTGAGCATAGTGAAGT
93	1	ATTAGAGAAGGCTACGAAGTAGGCAGTGAAGAGGGAGTGGG
94	1	CCACGATCCTTCAGTAAGCAAGGCAGGTACAGCATAAGGAC
95	1	GGGCCGAAGGCGAAGAAGTGAAGTGGCAAAGAGGTCACATT
96	1	CGAGCTACGTATAACATCCAAGGCATTGATCGGCCCATGAT
97	1	CTTTCGTTGATCAGCTTCTGACTCACTAGCGAGCTGACTTA
98	1	AAGTCTTCCTCGATTTCAGGAGCCAAAAAAGCTAGCTCGGT
99	1	TCGATTTCAGGAGCCAAAAAAGCTAGCTCGGTTCTACCTTT
100	1	AGCAAGTTCTTTTTCATAGGAATTGGCAGCCGTAAAGGTAG
101	1	AACTTGCTTACTGTTATGTTAGAGTGTTAGAATGTCTTCCC
102	1	TCCAATAACACTAAGTACCTAGGGGAATGAACTAAAAAAGA
103	1	ACCTAGGGGAATGAACTAAAAAAGACTTTAGCTAGGACCAG
104	1	TTCAGTGACTTGATCCTATGATTTAGCTACTTCTGGTCCTA
105	1	TCCAATTACATGTTCTGCAGAGTGAGTAAAGCCCTCAAGCG
106	1	CTAAGTTCGCTTACCGCTTGAGGGCTTTACTCACTCTGCAG
107	1	AGCCCTCAAGCGGTAAGCGAACTTAGCTATCTTTATTGACA
108	1	CATCTCCAACTATTCTTTTGATAGAGCAAATCCAGGCTGAA
109	1	AGGAGCGATGGGACTTTGTAAGGTAAGCCTCACCTTCGGTG
110	1	AGAAGCGAGAATCATTTACGAGTGAGTATGGCACCAAGAAT
111	1	ATGAAAGCAGATATATAGAAAGTGTCAAGTGGGAGATCTTT
112	1	AGAGCAGTCAAAGAATGAAGAGAGACTTGTTCTTGCTCTCC
113	1	GTAAAATCTATAATTTAAGAAGAGAGTTATGAAGAGAAAAC
114	1	TTCTAACTACAGTTAATATAAGGAAAAAAGATGTTATTATG
115	1	TGAGGCTGCGCGGGATAATTAGTAGAACAAAATCAAAATAC
116	1	AAGAGTACAATGGTTCTCTGACTTAGGAACATGAAGTCGAT
117	1	GTGGTTGAATTCTGTTCAACAGCCCAAGGACTTGGAGCACA
118	1	TAAGAAATGCATGGGAAAGAAGGTCAGATTAACCCCGAAAA
119	1	GTCAGATTAACCCCGAAAAAAGTGATCCAAAAATGGATTTG
120	1	TCCGACCAAAGATTTTTCCCACCCAATAGTAAAATCCTGCA
121	1	AAAGCAAAAACGGCTCCCATAGAAAGTACATAATGGAAATG
122	1	AGATAGTTGTTATAAAATTGATAGAACCTAAAATGGATGAA
123	1	CCATTCTGGGGGAGCTGTTGATTTAGCAATTTTTAGTCTTC
124	1	GGCTGAGCTTAATAGGAGCAAGAGACTTGGTGGCAACAACC
125	1	TTTTTTATGACCATCGGGAGAGGTAGTTGGGAAGGTCCGGA
126	1	AAAGCCCTCACTAAAAAAAGAAAGAAGAGAAGCGGGGGCCT
127	1	CCAGCGCCCCGAAAACGAAGAGTTGGTAAAGCGGCATGAGA
128	1	GATCGGAAAACAATCTTTCTAGTTCAAACCTAAAAAACTCT
129	1	AAGATTGTTTTCCGATCTAGAGGTCGCTATTTTGCGAAGGA
130	1	TATGGAAGAAAAGGAGAAGCAGGTGTCTCAGCAAGGGGCTA
131	1	GTGGCTTGCAAGGAAAGACTAGCTAACAAGCGAAGGCACTG
132	1	GCATATGTAGCTTCTGATATAGGAGTTGGAGCAGGAACACG
133	1	TAGGAATGAATAAGAAAAGGAGTAGAGAATATAAAGCGTAT
134	1	TGTCCGTTCCCTTGTGGTTGAGGGAGTTGGTGCGGCATTCG
135	1	AAGATCATTACCTTATTCCTAGAGCGGAATATAGACATTGG
136	1	ATAATAAGATTTTAAAAATGAGAGACTTTTCTTTAGATATA
137	1	CGAAGCAAGGTATTTTAATTACTTACTTGTTAGAGTAAGGG
138	1	CGAGAAATTCCTTGTGAATAACTTTCTAGTAATCCGGTAAT
139	1	TCCCTCGACGCAACGGAAAGAGTTACTAGTGGAAGCCGATC
140	1	TCGCAAAAGGCGACGAAGTAAGGGCGCTCGGAAGAAGAGGT
141	1	TCGTCGCCTTTTGCGAGTCAAGCTACTTAATTTCAGAACTT
142	1	AAAGGATTCCCCAATAGCTGAGATTGGTACTAGAATTCGCG
143	1	GTACTAGAATTCGCGAATCTAGAGAGCACCAACGATGTTGA
144	1	AAAGCCCGGGATTCGCAGACAGTTTGCAACAAATCTCCATT
145	1	TTTTTTTAATGCGCGAAAGCATGCGAAGAAAGAAAGCAACA
146	1	AGCCTACATCTTATAGACCGAGGGACTACCATAACCAAGCC
147	1	GATGTAGGCTTATCAAGCTGAGGGAATTGCATAGTCAAGAG
148	1	GATCGGAGCGTGGGGAACTCAGGCCGCTGGTAGTAGAGGCA
149	1	GTAATATGTTCTCAAAAAAAAAGTAGCTCCAATCTGACCTA
150	1	CCAGTTCGCGGCAGAGAACAAGACAGCAAGCGAGCGTACCT
151	1	TGTATTTCATTCTTTCCGGAAGGGAAAAAAAGAAGTACCCC
152	1	AATCCGTAAATATGAGGAGCATGCCGCAACAAAAGGATGGT
153	1	GCGAAACTAAGTAGGGCCTGAGGCCCCTGCGAATCCGTAAA
154	1	TACGAAAGAAAAGGTTACGAAGTCACTTAGCTCGACGTTAG
155	1	AACCTTTTCTTTCGTAGCGTAGTAGAATGAAGGCTACGCAC
156	1	CTCTTCTTTTTTTTTTTTAGAAAAAGATTCGCTGTCTTTTA
157	1	TCCATAAACACCTAGCGAAGATATGGCAAACAAATAAAGTA
158	1	AGCCATTCTAAAAAGGGAGAAATTAGCACTACTTGGTGAAA
159	1	AATTTCAAACCATCCGCTAGAGGTTGTAACAATCCGAACGC
160	1	AAAGCCATTACTTTACGTTCAGCTAGCACTAAAAAGGCTAC
161	1	GTCGACCAGGCCAGATCATGAGTGAATAGAAAATCGAAAAC
162	1	ATCCGGAGTTTTTCGAGAAAAGGTCCCATCCTTCAATATCA
163	1	ATGGGACCTTTTCTCGAAAAACTCCGGATCGAGTTGAAGGT
164	1	GTAACAAGATTCGATGTTGCACCACCTTCAACTCGATCCGG
165	1	CCATTCGAAGTAAGGTAACAAGATTCGATGTTGCACCACCT
166	1	GCTAAGATTCCATTCGAAGTAAGGTAACAAGATTCGATGTT
167	1	GTGAGGCGGGCTAAGATTCCATTCGAAGTAAGGTAACAAGA
168	1	GAACCTTATGCAGTACAGAAAGCAAGTGAGGCGGGCTAAGA
169	1	TTACTTTCTTTCAGAACCTTATGCAGTACAGAAAGCAAGTG
170	1	AAGGTTCTGAAAGAAAGTAAAGGGATTTCCTTCTAACTAGT
171	1	CTTACTCTCAGCCACTAGTTAGAAGGAAATCCCTTTACTTT
172	1	CAAATCTGTTGAATGAAGGTAGCTTGCTTACTCTCAGCCAC
173	1	CAGCGGAAATGCAAAAGAGAAGAGCAAAGATTCCCGACCCT
174	1	ATTTTTGGGATGGTGTTCAAACTCCCGAAATGAACCATTAC
175	1	TAACGTGGGATCCGCTCAGGACCTACTTGGTTTAGGTAACA
176	1	CAAAAGGTAGCATTTTGTTTAGGTGGCAACGCTCAACGGCG
177	1	TGTTCTCTTCAAAACTCAAAAGGTAGCATTTTGTTTAGGTG
178	1	GTTCGCACTGCCACAAAACTAGGCAATAGATACCATTGATT
179	1	AGATGGTTATGCAGAAGGTGAGGCAGCGCTGGGACTCTATG
180	1	ACTTTGGAACCAATGACCTTAGCGAACAACTTCATAACCCA
181	1	CCTTCGATGATTACTGCTTTAGACTGAGGCCGCCAGCCCCG
182	1	AAAGTACAGGCAGAAGGCCAAGAGCCTAGTCGTGCAAAGAT
183	1	AGCTGCCTTTATTGTGACAGAGAGAGCTTCCAACAAGGAAG
184	1	TACAACAACTATGGCAGCCAAGAGCGCTGCTTATTCCCCTT
185	1	CTAAATGCACACGCAGGGCCAGGTCCTAGTCCTAGATCAGA
186	1	TAGCGGGTGGAGCAATTCTTAGGCAAGAAGTGGCTTCTCGC
187	1	TTTGCCACTTCGAATAAACTAGAGTACATATAGGATACACC
188	1	TATTCCTCCCCACTAAAAAGAGCGATTGAGAATCTCGATAA
189	1	CGAGACCGAGCCGAGCCACTAGGAGAGTAAGCCCTTCCCAC
190	1	CAGGTTGATCTCTCGGGTTGAGGCTGCATTCATTTTGACAC
191	1	ATTTGTTTGTCCTGTCAGATAGAAAAAAATAATAAGAAGCC
192	1	ACCATACGAACATGGTATATAGGATAAATATGAGGCCCAAA
193	1	ATACCTCCGATCTCTACCGTAGGTGCCAAAGAAGAATGAGA
194	1	GCACCTACGGTAGAGATCGGAGGTATTTGGCCCCCAAAAGG
195	1	ACATGAAAACCATGAAAGCCAGTTGCTAAGAAAAAGGTAGA
196	1	GGAGCATCACGTTGGCTTTGAAGCAGCTGCATGGTACTGGC
197	1	ATCATGTTCACCAAAAAATGACCTACGAATTTATCTTTTGC
198	1	GCCGCAAGGAACCCGGAGTGAAGTACTAACCCCAAGAAGAT
199	1	TAAAGGCCGGGCGAGGGGTGATAGAATAGCAAGCAGGGTAA
200	1	CACTTCACTCACCTCAGAGAATGCACTACCTATCTGTAATC
201	1	CCCGAGGAGAATCCGAGTGAAAGCAGCAACCAGCGTGATAG
202	1	ACTTCAACCACTGAAATAGCAGCAATTTCTTTTTTAAATTC
203	1	AATCTCGTGCGGGTTGAAGCAAGCATTAGATATGGGCCTTT
204	1	TTTGCATTCCCCTCCTTTAGAAAGAGTAGTTGCCCCGCCCC
205	1	TTTTCACTACTTGCAATCCGAGTAGCAGATCCAAATGCTTA
206	1	CCAATTTCTATTTGTGATTCAGTTGAAGAACCACCAGTTTT
207	1	TTTTGATAGAATGCTTTGATAGAATGCATTGCCTGTTGTTC
208	1	CTGGGTCAACTACTGAGCTGAATCAACAACTTACATTAGCT
209	1	GCTGCATCTAAGCTAATGTAAGTTGTTGATTCAGCTCAGTA
210	1	CAGAAAAAAGTAGCAAAGGGAGGCAGCATCCAGTGGATCAG
211	1	ATTTTAGTCGACCCAGAAAAAAGTAGCAAAGGGAGGCAGCA
212	1	AAGACCCGATTAATCAGTGGAAGCAGCAGCCCACCAGAAAA
213	1	GCCAGCTAGAGTTCAGATGGAGGCAGCAGAAGCAGTGGTTG
214	1	CTATTGATCTAGAGCCAGCTAGAGTTCAGATGGAGGCAGCA
215	1	CCGGAGCGCTCGGAACCAAAAGCATCAGTATCAGTCCCCCA
216	1	TCTTCCTACTAAAGAAGCAGAGGCCATAGAGACATAGGTGG
217	1	AAGAGGAGTTCATTTTGTGAATGGCCAGTTTCAAATGTCTT
218	1	TGAGATAGAGTCGACAGACTAAGCACCAACTGGATCGCCTA
219	1	ATATTGTGTGTGAGCGAATGAGGTGTGACCGAATGAGCTTG
220	1	ATTCTAACTTTCACAAAGGGAGTGAATAATTTCACTGGCTT
221	1	TTCTTTTCGATCTTGTAGCCACGGCACTGAACACCCATCCA
222	1	CCCAACTATATTTGAAAATGAATTGGTTATACATAATGATT
223	1	CCGATCTTTCCATTTTTTTGACCCATTTCTTAGGTAAAGTC
224	1	TCTCGAAAACGAAGATTTGAAGTGGTCTATAATTTACTGAG
225	1	ATGCGTGAGTTATAGCGAGTACTCAGTAAATTATAGACCAC
226	1	GTACAAACCAGTGCAGACGAAGTAACACGAATATCTCCCGT
227	1	CCTCTGAGTGGATATGTGGAAGTACGGTATGATGATCCAGA
228	1	TCCGTCGCTACGCTGTTCCCAAGGACTAGCAAAATCGAAAT
229	1	TGCAATTCTTCCCAGTATGGAATGAGTAAAGAATCGAGCTA
230	1	GAAATAGTTGCATGCGAAAGAGATCCCAATTCCGTGTATCC
231	1	TTACTTACTTATGAGCAAAAAGGGTTTCAAATGAAATAATA
232	1	CACTAAAGAGCAAAAATAAGAAATGGCAAGATAAATTTTAT
233	1	AAAATTCTGGTTGCTGTTCAAGTTAGTGAAGTTATTTCATT
234	1	TCCTTTCTTTAATCCACTGGAGGTAAAAAAAAAAATAGATT
235	1	TTTTCAACCTCTTCTAATCTATTTTTTTTTTTACCTCCAGT
236	1	TTAGAAGAGGTTGAAAAGAAAGGAAAAAAGAAGACTTTAAA
237	1	TCAATAATACCGCCTATCCTAGTGAGTTTTACGGGCCCACT
238	1	TCACTGATATGGATGTAGACAGGGCAGTGTCTTCTCCACCA
239	1	CTCCAAACATGGTTTGATCAAGGCAAAATTGCAGGACAAAG
240	1	TCCACTTCATATGGATGAGGAGGTTGGTATAGCTCCCTTGC
241	1	CTGGTCAAGGTAATATTGCAAGGGAGCTATACCAACCTCCT
242	1	CTGATTCAAGCTGCTGGTCAAGGTAATATTGCAAGGGAGCT
243	1	TCCTATGACTAGGGGTAGTAAGGCTGATTCAAGCTGCTGGT
244	1	TGTTGGTGCCACATAAGGCTACGAAGTAGCGGTCCGTAGGT
245	1	AAGAGTACAGGCAAACTACCAGTTGGTGAAGCTACCATCCC
246	1	ACGCGTATTGGTTTTGTAGCAGCTAAGAGTACAGGCAAACT
247	1	GATGGAGTCACCTCCTAAGGAGTCTGCAAGCCTCTTCAAAA
248	1	TGATGAAGAATTACGGATGGAGTCACCTCCTAAGGAGTCTG
249	1	GTAGTTGGAATTCCTATCTGAGTTGTTAACCCTACAAGTTC
250	1	CTTAGAGAGCGGATGATAGAAGTAGAGCATTAACGTCCGTT
251	1	CCCTTAAGAGCTAAAAGGAGAGTTAGCATAGACTTAGGCAA
252	1	TTTAGCAGATGAGCGGGATGAGCTACTAGGGAAGAGAGTTA
253	1	GATGAGCTACTAGGGAAGAGAGTTACTTACTCAGCAGTACG
254	1	GTTGACCTGGAAGATTAAAGACCCATTTGCGTGCGCATCGA
255	1	AATACGACTGGCTGGAATGCACCCAGCAGTTTTCCAATGGT
256	1	GAAGCTGAATGGTTTGAGTGAGAACGGAACAATCTATCTCT
257	1	CGAGATCTCTGCCATAAAACAGAGAGCTCGTAGGCTTTATT
258	1	ATTCCCCATTCATCCGAAGTAGTCTTTTTTTTTTAGTATAG
259	1	CCGTAGAACCTATAAAAAAGAGATGGTTGTGGCGCGAAGTA
260	1	CACAACCATCTCTTTTTTATAGGTTCTACGGACCGATGCCT
261	1	TGATTCTTTTCTCCCAGATGAAGCAGCAGGCATCGGTCCGT
262	1	TGGTTTCGGGATCCCGTAGAAAATGCTTCTTTTATGCCTCG
263	1	ATTGGTTCCTGGTCTTGGTCAGAGACCACTGTGTTCGCGCC
264	1	GATATAGGATCTTGTGAAACAGGATTTGATTCTGCAAGCGG
265	1	TCTCTCCTTTCCTATCAGCGAGTCCCGATCCTTTTGTTCGA
266	1	GGACTCGCTGATAGGAAAGGAGAGAAAAACAAAGCAATGCC
267	1	TCTGGCACGAGATGATAAAGAGAGAGCTTCGTCTATCGATG
268	1	AGGGTTCGTAGAACGAAGGGAGTGTACAACTGGCGGTGTAC
269	1	AGGGACATGGTCTAATCATGAGGGTAGTATTTTATCATGGT
270	1	TAATACGTTGTAATTGGATAAGTTATTAGGAATATGACGGA
271	1	ACCGGATGATGGGAATAACAAAGCAGCAATTATGAAATGAG
272	1	ACAGATGCGCTGCGCTACCCAGGGCGTAACCTTGTCACCTC
273	1	CGGCATCGATCAGCTCCTTGAGTTGCTTCCTTAGCTCTGAT
274	1	GCAACTCAAGGAGCTGATCGATGCCGCATCTTCTGGTCTTG
275	1	GCTCCTGTGGCCCAACACATAGGCTTTTCCTTGTTCTACCG
276	1	GGGCGCTAACCATGTGTTACAGGCCGCAGAAGTGAAATGCC
277	1	GAACCCTTCTCCTGCAAGGTATAGAACAACTAAGGGTACTG
278	1	TGTGCTTAGTGCAACGCCTCATAGAACAATGAAGTAATGTA
279	1	GCTACTTGTACTAAAAAACTAGGGCGCTATACGGAAGTTCG
280	1	CTGGAAAACCCGACTTAGCGAATCACTTCCAGGCTGGTATT
281	1	TGGAAACCGTTTGGCAAGTCAAGGTACCCTGAAATCCGCTC
282	1	TACTTTAACTGGTCTGTTAAAGTCTCCTTGCTACGGCCCTT
283	1	CTCCCTATTGCAGTAGGAGTAGCTACTTATTTCAAGGCTTT
284	1	CGGAAAGCCTTACTCTAACAAGTAAGCAAGTCCCTCCCTCT
285	1	CGTTAGGGAGAGGGAGAGGGAGGGACTTGCTTACTTGTTAG
286	1	GTTGACTTAGTTGCTTTTGCAGTCGATTCTAATCCCCATGT
287	1	CTTACTTCGAATGGAATCTTAGCCCGCCTCACTTGCTTTCT
288	1	AAATGGATGTTTAAATGATCATACAACAGATTTCTCATACA
289	1	TTGATGCAAAGGAACTAGACATGTACTTATATCATAGTTAC
290	1	ATGAAATCGAACCAACAGCAAGGCAGCAAGAGCAATTAGAA
291	1	CTCCATTATTTGTATGACTGAGCCGTCGTTGTACGTACCCA
292	1	CTGTTCTCTTGATCCCAACGACCTAGCAGCCCTCTATCGCC
293	1	ACTTATGACAACTTGAAAGTAGGTAGTACTGTATAGAAATT
294	1	CAAAAACACCCAAATATTGCAGCGAACAATACTTACAACTG
295	1	TGAAATGGGGCTGCAAGTAAACCGAGTAAAGGAAATCAATA
296	1	CTATGCTGGAGAAGTGTTTGAGGCAGGAGCAAGCAACGCTA
297	1	AATTAAAACATGTCCATGACATCGAATAATAATACGATACT
298	1	AGGCCTTAAGAGCCAATTAGAGGTGGCAAACAGGCCGCTAA
299	1	AGATTGAGGCCACAAATCTTAGGCCTCAATGAGGCCACAAA
300	0	GGTGGGGTTATCGAGCTTCGAGGAACCTACTTGACTTCTTT
301	0	GCTAGACATCGTGCCGCTTCAGACCATACCCCGAGAAGTTG
302	0	CCACCTTATTAATTTCAGGAATTCAAAGAAATGAAAACAGT
303	0	GATGAGGCGGACAACTCGATACCCATTGGGGTCTGCCAGCA
304	0	GGGTCTAGAAGGGTTTGTGGATTGGTTTAGGCGTTTTTGGC
305	0	CAATGGTACTGCTATTGACGAGGCTGGGGGCTCGATGATCC
306	0	TTTGCTGGCGGTTTCCTGCTAACTGGAGGAAGGCTGGGCGG
307	0	ATCCAGCTAGGGTTGACATCAATGTTGAATGTTTTAGCTAC
308	0	TCTTCTAGGTGGTCTCCTCCACACTCAAAGAGATTTAAATC
309	0	GACCATGGAGTTCGATGGTGATGTGATTGGCTTCAACATCT
310	0	GACTTTGTCATGAGAAAATCAAGCAAATTTGGAGGATAAAT
311	0	GCTCTGCGGGACCACCTACCACTAGTCTTCGGCCGGAGGGG
312	0	GGGGTTAAGGCACATACCGTAGGCCAAGAGAATGGCGAATA
313	0	GCATTTCGGTGACCTTTTCCATCTTATAAATAGGTGTGGTG
314	0	AACAATGGCACCAGGTCGTCACCCTGATCTGTGAGCACTAA
315	0	AGGCAGCGAAGGCGGGTGCCATGGCCAATGTGGAACTGCTG
316	0	TTTGGCTAAGTTATTCTCTTAAAATTAATAATTATAATATA
317	0	TCTCGGAACAGTAGCCTTCGACCCTTGCGGTAGGGTTGGGT
318	0	AGCAAGGCAAGAAGGAGGTGAGTACAGTGCAAAAGGTGGCT
319	0	AACCCCTAAACCTAAACCCTAAACCTCCTAACCCTAAACCC
320	0	TAGTCTGACGCGCGAAGAGGAGTGTCGCCTAGCAAGGATCC
321	0	TGACCTATGAAAACACAGCCAAACAGGCTATCGCCTGAGCC
322	0	CAGCATCTTATGGTCTTCTCAAAGATCATTACGAGCCCTCT
323	0	TGTAGGAATCTCACTGTCCGAACCGCTAGACATCGTGCCGC
324	0	TCAATGGCTTAATCCACTGGACCACCTGGAACTGCTCTTGC
325	0	GAGGGTAATTTACCTGGCGGATGAATCCAATGCTCTGGAGC
326	0	GATTGCTGGTGGTGCGGCGCAGATACAATGTTGGAGATCGG
327	0	CTGATCTGTGAGCACTAACCAAGAGCAGACCATCCTACCTA
328	0	AAAGATGGTCCACGATATGCAAGTGAAGAAAGCAGCGAGGA
329	0	TCTCTTGCACAGAGCTTTTTAGATGCAATGGAAGATGATGA
330	0	AGGTCCGCCAATGCCAGCTCATACATAGAGGTGAGGTCCTG
331	0	GGTGGCCTTTACCCCTCGGTAGTGTATATCTCCGAAAACGG
332	0	CTGCCACCGCTTGGCCCTTCATGGCAGCTCTTGGTTTGTAG
333	0	TGGCAACAATGATGTACTTGAACTGGCCTTTGGCGGTTTGG
334	0	TAGCCGCCAACCAGGTTCCCAATGAGTTGCGAGTCATTGAA
335	0	GCACGAGAGCAAGCTACTCCAATCGGGTGTATCTGGTCTCA
336	0	CAATACACGTGCCTAGCTATAAGATTAATTACTCGCTTTTT
337	0	TTCTCTTGTTTGTTGGTTCGATGCCCTTCGATAGGTAGTCG
338	0	TTGCGCGTTGGCGATTATTGAGTGTTTGCGATGGGCGATGC
339	0	ACCCTAAACCCCTAAACCCTACCCAAAACCTAAAAAACCCT
340	0	TCCGAAAGGCATGACATTGTAGCAGTATAGGCCTTTGTCCA
341	0	CAATCCTATCTAGAAGGTTGAAGAGGGAAAAAGAATCGTAA
342	0	TTAATCTTGGCAATTATTGAATGTTGGCAATAAGCGTCTTA
343	0	TGCCTTGTGGAGGTCCGCCAATGCCAGCTCATACATAGAGG
344	0	TGGAAGAGGGTGCCAAGCCCACCAGAGAAGCCCAACGTCAC
345	0	TGACCTTTTCCATCTTATAAATAGGTGTGGTGTTGGGAGTT
346	0	AAGTCGGCTACTGCTTGTGTAACACCCCTCACCCAGAAGAT
347	0	TGCGTTTTACGTTGATGCGCAAGGAGCAGTGCAGCGTGGCA
348	0	GCGGTAGGTTGGGTTATCTCAATAGGTAGGACGGCCTCAGT
349	0	AGAAGCTAGACATGGCGTTGATGCTCGCGTTAGCGAGGCTG
350	0	CTAACCCCCAAACTTCTATGAACCAAAACTCTTCCATACGA
351	0	AGAGGATGTCGTCGCTCGTGATAGGCGGAAGGAGAGGCTGG
352	0	CTCGGTAGTGTATATCTCCGAAAACGGCCTGTCGATACTAG
353	0	ATCGAGACCCATGGGTGAGGAGCAATGGATCACTCAACAAG
354	0	GCGGAGACTGTCTTGCCGGCAAGATGGTGAGAAGTTTCATT
355	0	TTGGGTGTCGGGTCCTCGGCAGTTGTCATGGCCGTGTCGCC
356	0	GATAATTGAGGTTTTTATGGATGACTTTAGTGTCTTTTGTA
357	0	ATTGTCCCCTAGCAGTGGGTAATTTGCCAACTAGGTTGAAA
358	0	GTTCATGCCTCTGCCGGCGTAGAATACGGGGAGCTCATCCT
359	0	CAAGTGTGGGTTTGTCGTTGAAAAATATTTGTGTTGCCTGA
360	0	CATTTTAGGAAATATTTCCTATTTTGTTTTAGGAAACTTTC
361	0	CAAGGCGCCCATGGTTGCCGACCCGGAGGTGCAAGCGAGCG
362	0	CACCGTGGACGCGCCGTGCCAAGTTAGCATCAGAAGCTCTA
363	0	GAGAATGAGCTAGTGCCTCAATGAGTTGTGACAGGACATAG
364	0	ATAAATAGCAGCCATTCTCTACTCCAAAATCATCACTTCTT
365	0	AGTACTCCTTTAAGCTTTGGAATGCTGCCTCACAGTCCGAG
366	0	CCGCGACAGGAAAGCATTTGACAGTGCATGGAATGAGTAGT
367	0	GGTCCCCGTGGTGCATCTTGATTTGGTTGTAGTCGGAGAAA
368	0	ATACCCGAGTGGCGGGGGTCAACTTGCCTGATCAGGACCGT
369	0	CCGTATTCAGCCAAGGGGTCACGTTTCCGCTACTGCCGAAC
370	0	GGCCAATGTGGAACTGCTGAACCAAAAGGGCGCCATCGATT
371	0	AGATCGGGCAATGATAAGGTAGAGAGTTGCACTGTCCCCTA
372	0	AGCAGACCCCATTGAAGACGAGAGTGAGGTACAACAAGGCC
373	0	TAGCGAATGTGAATAACCAAATAACCAGTATAGTATCCCAA
374	0	AAGTTACGTTCATCGACGAAAGAAGAGAAGGCGTAGTTCTT
375	0	CAAAGCTCCGCACCTCATTAAGATCATATTGGCATACTCTC
376	0	TGTATGTATCTCCGCTGTGCATGGGCTAGCGCCGATAGCTA
377	0	AGGACGAGAATGAATCCGGGAATCCAGGACATACTCATCCT
378	0	TACACCTCTATTATTTTGCCAAGATGCTCAGCGAACATGGC
379	0	GTTTCTTTCCATTCCTCGTGAGCCACTTATTTCTCCGAATC
380	0	GATTGGCTTCAACATCTTTGAAGCAATAAGGTATCCCTTGT
381	0	TCGCTTGCAAGATGAAGGTGAAAAGTTTGCTAGCGGTGTTG
382	0	ATATTAATTTGTGATTACTTATAATGACCATACTAACCTAT
383	0	CTTCCTTTTGAGTTTGTAGTATTGTTTTTGGTTAATCTTGG
384	0	TCACCTGATTGAGAGCTGAGAGGGATCAGGTAGATGTCGCT
385	0	GAATTCAAAGAAATGAAAACAGTACTTTTGTGTATTACAAC
386	0	GACTTTGAAAAATGGGAGACATCTGTCAGTGAGTCTGGAGA
387	0	GACTGTTGACCTGTCCCCCTACTTGTCCCGGAGGATCATGT
388	0	CTTCCATGCAAAAATTGATCATGCGTTCTCAAAAGATGCTC
389	0	GTGTTGGTTAGCGGTGTATGATAGGTGGCAAGTGGGAAGGA
390	0	TAGGACAAAGCGCCTCGGCCAACCGGGGCGTCGAGCGAGCC
391	0	TGGCAATGTTGATGTTGTGGAAGGTTAGCTGCCAGCAATGT
392	0	CTGCTCAGGGTGTTCGTTAGAGATGCTGATAACTTACAAGG
393	0	GGGAGACAAGGAGACATTGCAGTGATAGTGTCCTCCAAGCT
394	0	ACCCTTATGTCGTTTGCTTCAGAAGGACATACCCTTTGAAT
395	0	AGGATGTTTGTGTTCTTGGCATGGAACACTATTTCCTGCAG
396	0	GAGCTTTCCCTAGAGGCTCTAAACGTGCACCTTCCACACCG
397	0	CTCGGCGTTGGTCTCGGAACAGTAGCCTTCGACCCTTGCGG
398	0	TAACCCACCCCAACCCCTAAACCCTAAACCCTAAAACCTAA
399	0	GATATGTTATGCTAATAACTACAGTTTGGGGGAAACCTCTT
400	0	CATCCCATTGAAAACTCTTGACTGATGAAATCAAGAAAAAC
401	0	TTTAGGGTTTACTTTCCCGTATGAGCATTCGGTACATGTAT
402	0	TACGTTGTTAACAAAAATACATTACACATTAAATACTTGCC
403	0	CCCCTGCACTTTCAAGTTTGATCTAATATGTCCAATTTGTT
404	0	TGCTTTTCAAGGCATTAGGTACTGTTCTCAAGGCTTCTTAG
405	0	GCCCAAGGTTGACGAGATGCAATATCTGCTGTCCTGTCTCA
406	0	CAGGATTAAGTCGGAATTCCAACCTATTCGTGGTTGTCAGT
407	0	TTCCGCTAGGGTTTTTTGTGATGCTAGGCCTATCAAGCGTC
408	0	AGCTAACAGGCGCGGGTCGCAGAAGGAGAGAGTGGTGCCGC
409	0	TTGGTGGTGGTGGTGGTGGGATTTCTTCCTTGCATTGATCG
410	0	CTAGAAGGTTGAAGAGGGAAAAAGAATCGTAAATTAAGGCG
411	0	GGAAGCCCTTCGTCCTGTTCAGGATGCAAATTTGGACCTTA
412	0	TACCGCTAGGTATATGTATAATGTCTCCCCCCTGTACAGGA
413	0	TATGGACCTTCCCAAGTTGGACAGAGTGCTGTTGGTGGTGG
414	0	GATGTATTGCTATTGGCCGCAAAGCCTTTTGTAATAAAATG
415	0	ACTACGCTTCAAGGACGCTCAATGATGCTGTAGTTGAACTA
416	0	TGGCGGTCGTAGTTAAAATGAGGCATTGCCTTGGGGATTGC
417	0	AGGCCAAGAGAATGGCGAATATGATGCGGAGGTTTTCCACA
418	0	AACTTCGACGATGAAGGAGTAAACCGCCGTCCATAAGTGGT
419	0	GTTAATCAATGAAACATTAAAGGAATTAAAATTGTTCCGAG
420	0	ACTCTTCCATTCGGTCTCGGAAACAAGCATGCCGTATGTCT
421	0	GTCACTTCTAAGCTATTGGCAGTTAGACTGCTGTTCCAGGT
422	0	AAATTTGCTTTAACATGTGGAGGTTGCTGATGGTGCTAAAC
423	0	CAAACATGTGAAACGAAACCAAATTGATCAAATCTTACCAT
424	0	GCGTCCGGCGGAAGATTCTCAGCGGACCCATCCTCCTACTC
425	0	CGAGCGGCTCCGGTGGTGGGATGAAGGAGACTGGTGGGGAA
426	0	CTGCCGCTAAATATTCCTTCAGACTCTGGAATGCCGCCTCA
427	0	GGAATTCGGTTTTTCTTTTCAGCAAGAACATGATAGGAGCA
428	0	TATTACCATCCCCCCTTTCTACAATATATCTTACAAAAAAA
429	0	ACCTTCCCGTACGAGTAGTGAGGAACTATAGAGAGGTGTAG
430	0	CCATGTTGTTTGAGGCTTTGAAATTGAATTTTAACGCGTAT
431	0	ATCACCCCCAACTTCCATGCAAAAATTGATCATGCGTTCTC
432	0	TACCGCCAGCGGTACCAACTATTGCCAACTGTGTGACCTAT
433	0	CTTTTCCAAGGCAGAGTTGGAATTGGTGGATGTTTGGGGCA
434	0	CCCAACCTGGATATATAATGAATTTCGCTTTCTAAAGATTT
435	0	TTGCGTTCGTCTGCCCCTGCAGAAACCTCACTGCCGGAACC
436	0	ACTCGTCAGAGATGCTGATAACCCTTAAGGATGTCTCCGGG
437	0	ACCCTAAACCCTAACCAACCAAACCCACCCAACCCTAAACC
438	0	TGTTTGAGAAATTTGGATTTAATCTTAAAAAGGTGTGTTGA
439	0	GTTCTTGGTGTTCTTGGATAAAATCTAACATAGGGATAGTT
440	0	CCGACGTATAAATCTCTTCTAGGTGGTCTCCTCCACACTCA
441	0	TGTTGTATTCTTGTTTTGGTAGTTTCTGGGAAATTGTTGTT
442	0	GATTGCACATCTGACCGCTGATGGGCATCCTGCTAGATATA
443	0	TATTGATTATAACACTAATTAAATTCTGATTTTTTCTTGAT
444	0	ACCCAATAAACCTAAAACCAACTAAACCCTAAACCTAAACC
445	0	CGCCGTGCCAAGTTAGCATCAGAAGCTCTAGAAGCTGGGGA
446	0	ATCATTTTCAATTCAAATGGACCCCTCTTTTGAAACCCTAC
447	0	TGCCCCCATGATGCGCTCCTAGCTCGCGGAGCGGAAAAAGA
448	0	CTATGAACCAAAACTCTTCCATACGATATCAGAATTTAGCG
449	0	TCGTATCGACGTGCCCTTCCATAATCCGGAGGTCTTGAACA
450	0	ACAGCAATCGATGAGGCCGGAGGACCGATGACGGTGGCCGC
451	0	GGCCGCCGTCGACCGTGTGAAGCGAGTTTTCCTCCTGCCGG
452	0	ACGATGGAGAGCCGACCGTCAGGATTAAGTCGGAATTCCAA
453	0	GGAAGATTCTCAGCGGACCCATCCTCCTACTCAGTCCGAGG
454	0	TTTTTCTTTTCAGCAAGAACATGATAGGAGCATCCCTCTCA
455	0	AAGCCTGTAATGAGTGCTTCATACTCCGCCATGTTATTTGA
456	0	CTTCGACCTTGTCGGTTGGCAGTGTTCCGTTGCGCTTGTAT
457	0	GCTATTTCTGGCGGCGTTGAAGTCGTCGCCTATTGAGCGGC
458	0	GCCCAACGGAAAGCATGGGAAAGAAGTACCACAGAAACATT
459	0	GGGTGCCATGGCCAATGTGGAACTGCTGAACCAAAAGGGCG
460	0	GTAGGACGGCCTCAGTTCCGAACATCATGAAGAACGGTGTT
461	0	AGTCCACAGTGACAATGGTGAACTTCAACTGCCTTGGGGCT
462	0	GCCTGCTTAGCAGTGTTTCCATAGGTAACATCTCCGATAGT
463	0	GATGAAGGAGACTGGTGGGGAAGAAGTTGAGTCTGCGTGGG
464	0	CTAGCTCCCCAGTGGTTGCCACATACTCTGCTATATAGCGA
465	0	ATTTGATCGCGATAGGCAGCACAAGGGTTTGCGAGGGATAT
466	0	TTGGCAGTAGATGTTCTTCCAAAGGAAGTGAGTTACCTTGG
467	0	GAGGAACAGAGCTTGACTGCAATGCCTCATGGCGGTCATTG
468	0	ACACTGAGGATGGCGTCGCCATCCCCAATGCAGAATTGGAG
469	0	TACCACTAGTCTTCGGCCGGAGGGGTTTATTGCACAAAAAC
470	0	CTTTCAGGTGGGCCCCTGCTAGGCCCCCCCAAGGAATCCCC
471	0	CAACAAGAATATTTTCAAATAAACTTAACTAATAAAAATTC
472	0	GATGTGAGATCAGCAGCAAAAGAAAGAAGAAGAATTTCCCC
473	0	TGGTTGGGAGCTGTTGGCTGACCTGAAGTTGACCCGTAACC
474	0	ATGCCTGAGTTATGGGCTTTATAGCCTAATCTCAGGCAGGC
475	0	AGGGCTGGGATACACTGAGGATGGCGTCGCCATCCCCAATG
476	0	TTACTTCTACTAGTCTTGCGAAAGCATACTCAGTGTCAGTG
477	0	TGGAGTTCACTCTCCTTTCCACATATAAAATGTCCATTCCT
478	0	CAATTTTTTTCTTGTGGGTCATCTTCATGGCTTTGAAGAAT
479	0	CCACTAGCGTTGTTACGCTTAGCAGAGATTGTCTCGCTTGC
480	0	AATTCTCCGAAATTCCTACGAACCCATCGTAACGTGAATCC
481	0	CCACATGTCTACGAAGTCGTATCGACGTGCCCTTCCATAAT
482	0	ATGCGGGGTAGTGGGAAACTATCCTTGGGGCGTGCCTTGTT
483	0	CCTCTTCCCCTATCAAGAGTATATAAGTCAACCCAACCAAC
484	0	TTACCGCTCATACAGCTCCCAGCCAGCAAGCAGTTAGCCTT
485	0	CCCTGGCGGTAAAGCTTGCCATTTTGGATGTTGTAGCAGGT
486	0	TAGATCATGGTGGGCACTCGAAGAACCTGCTCATTGCCTCA
487	0	AGAGCTGAGAGGGATCAGGTAGATGTCGCTGCTGTAGAGGC
488	0	CCTCTATGCCTCGTTCGCTGATGATGTAACCCAAAAATTTG
489	0	TAAACCACAAGGTACTAACTAGTATTTAGCCCAAAATTCAA
490	0	TGGAGACCATATCGCTTGCTAGATGGAGAGGGAGAAATTCC
491	0	AATGGATCATCATTGGGGAGATGTACTCCTGGCTCTTCTTC
492	0	GCTTAGGCAAATGCGCATGTAAGTACAAGTCCCCTAAGTCC
493	0	CTCTCTTCGTATGATTGCACATCTGACCGCTGATGGGCATC
494	0	TGCCCCTGAGAAAGGCTGGGAAAGAGTGACCGCTCAGCGGC
495	0	TTTAATATATATTTTCCCTCATTTGGCTAAGTTATTCTCTT
496	0	CTGTTTGGCTGTGTTTCTGTAGGTCACTCCTTTGGCGGGAG
497	0	CGCTGGCCGCCCCGAGAGTTATAGGGTGAGAGAGGATGTCG
498	0	TTCAAGAATGGTATAGTTTGAGCCAAATGCCCTTGCTATAG
499	0	TGAGATCAATAATTTTCTAGAGAGCATGTATGCCTCTGGGC
500	0	TTGTGACGCCATCCTTGTCCATCAGGTAGAAGGTGCCGGGG
501	0	GTGATAGCACTTATAAAGCTATATCAACACAACCTGCCATT
502	0	TAATTCCCTCCGGAAAAGCAAGTTTCTCTTACCTTCCCGTA
503	0	AATGGTCACAAGAGAAGAGAAAGAAAGAGAAAGGGATTTCT
504	0	GAAATTTGAATTTCTTTAGGAGTGTCTTGACATATCCCTAA
505	0	GGCATCTTTGGCGTTTTTGCATATGCTGGCCTAATGGCTTG
506	0	GGCTAAGGACCTGGCGCCTGAATGGTTGCCACATTCCCTGC
507	0	TTCACTTTTAAAAAAAATGTAATATATTAATTTGTGATTAC
508	0	CCAGTCCGAGACGCCGGTGGAGTTACCGATGCCGCTTCACT
509	0	AATATTAGGTTCCGGGGCCCATAAAGATCTACCAGTTTTTT
510	0	GGAGGGGAGCTGCGTTGGGCAGAGGGTGTTGGGTAGCGAAC
511	0	CCAGAGAGGACGGTACCTTTATAACGCGAAGTCCTACTGCC
512	0	ACTTCCCTCTAGGCTTCTTTACCATGACTAAGTTGGAAATC
513	0	CTATGTTGAAGATTTCCGCTAGGGTTTTTTGTGATGCTAGG
514	0	CTGTGGTGAACTCGAATGTTAGCGTTTCTTTCTTTGAGTGT
515	0	GTGACCGCTGTCCTCGTGCTATTTGCACCACTTACCCGTAT
516	0	GTTGAGCGGAACAACCGGGTAGCACAGCTAGAGCAAGACAT
517	0	AATTTGTGTTTGGTTTTGTCAATTTTTTGGGTTTTCGATTT
518	0	TTGTTTTGGTAGTTTCTGGGAAATTGTTGTTGATGTTCTTG
519	0	GACAGTAAGCCTAAGGGGCGATTATAATGGAGAGGTACCGA
520	0	TGGAAGCTATAGTAAAAAAGACATTGAAAGACAATGTGAAG
521	0	TGCGTTACTTACCCTCTCCCACTTGTGTGAGAGAGGTACGT
522	0	CTTGAGGAAGGAGGTGGCTGATGAACAGGCTTGGGCCTGCA
523	0	CTGTGATGATGGTATGGGGGACGCCGTACTGGCAATAGATG
524	0	CTAAGGGGCGATTATAATGGAGAGGTACCGAGGATGCAAGT
525	0	GCGGGACCTGGAGCGGAATGAACTAGTCTCCCAGCTTGAGC
526	0	TGAGTGCTTCATACTCCGCCATGTTATTTGAGGCTGTGAAG
527	0	AGGCGAGACATTGTTTGAGCAGGGTTGTGGCGAGAGATTGG
528	0	CTAGCTCGCGGAGCGGAAAAAGAAAAAGAATCTCTCTATTA
529	0	ATTGCCGTGTACCGTTCGTTATTCAACACTCCGCCCAGCAT
530	0	GGAGACCATCGGGTCTCGCCAACAGAAGAGGGCACGACAAG
531	0	CAATGTCCCCCTGGCCGTCGACCTTTTGCGTTGCAACCAAA
532	0	GAAAGCCCCCCACCAGAGGCATGCCCTACTAAACTTCCGAA
533	0	GCTTGTATACGTGAAGTGCCAGGGTTGCAGCGGACAAGTTA
534	0	TGAATAACCAAATAACCAGTATAGTATCCCAATCAGTAGCA
535	0	GACGACCTCTACAATTTGGTATGGTCCTTCCCAAGTGGGCC
536	0	TGTGATCGAGTTAGAGAGGCAACTCGGGCAGTTGTAGAGAG
537	0	AATCCCCATTCGTTGAATGTATTAATTGTGCTTTGTCTTTT
538	0	AGACGGTGACGGTGGCCGTTACTGGGGAGGTGCTGACGAGC
539	0	TGTATATCTCTTTGTTCTTGATCCTTCTCCTCTTTCTGAAA
540	0	ACTCTGAACGTGTTTCTTCCATTATGGAGCCTTCATGTTGA
541	0	AATAACCAGTATAGTATCCCAATCAGTAGCAACAGACGAGG
542	0	CACAAAAAGGGACCCTACTAAGGGCGGGAGAGAGAAGAATA
543	0	GTGAACATTGCATACCGCTGAGACGATTCCGCCTGCTTGTT
544	0	TGGCCCATAGAATTTCCGGCAGTTTCTCAGCCCATAATCCC
545	0	TAGTGTCCTCCAAGCTAGAGAAGGATCAAGAGAAGAAACTT
546	0	CCAATAAACACAACTCTCTCATACGATCTCATAATCAAGCG
547	0	CAAGCCACAACAAAAAAAGAAGTACAAGAAGAAGAACAATG
548	0	TGGAGGGGTAGCCCTTGCCTAGTTGGAGGCCTTTGGCAGAA
549	0	GTGAGCCACTTATTTCTCCGAATCTATTCGCAAAACGTTTA
550	0	GTGCATCTTGATTTGGTTGTAGTCGGAGAAAGCGTCCATCA
551	0	TGTTCTTGGCATGGAACACTATTTCCTGCAGATTTCTATAT
552	0	ATAGAGGAAACTCGGCGGTGAGAGGCCGAGGAAGCCCTTCG
553	0	GTCCCCGCTATCTGTCAAGTAAAATACAGAGGGCGTCAGAG
554	0	ACAAAATGTTTCAAGTACATATTAGTTCAAAATACTGTCAC
555	0	CGTCCAACCCGCAACGGTTGACGGTGAAAATGTTGTCGCCA
556	0	TCGCCGTCCCTAGGGTCTTCAATTGCATTTGTCAGCGGCAC
557	0	ACAAATTTTTAGGCATCTTGATAATAGATGTAGGGTATTAC
558	0	AGAAAAATCAAGACTTTGTCATGAGAAAATCAAGCAAATTT
559	0	GGCCCCCTAGGGAGTCCCCTACTTCCCGGCTAAGAATGACC
560	0	GGATGTCGCTGTCGACCGGGATGTTGAGCGGAACAACCGGG
561	0	ATCGGCATAAATGTTCTTCTATAAGAAGTTGATCACTTTGG
562	0	GTGGCTCATTGTAGCTAATTATGCTTAGGCAAATGCGCATG
563	0	GCGTGTGGCAGTTGTTTGGGATTACTATACAGCGTGCCGTT
564	0	TTGGGCTGGCATGCAGGCGCACGTCTTCTCAGCACGTGTAT
565	0	TCACCCCCAGATCACCGTGGACGCGCCGTGCCAAGTTAGCA
566	0	CGAGCTTCAAAATTATCTGGAGGGCATGTACGCCGTTGGTT
567	0	ACAGCCTCGGGTTGAGCGGGAGCTTAGGGAGGAGGTGAAGG
568	0	ATTGAAGACGAGAGTGAGGTACAACAAGGCCATTTCTGTCC
569	0	CAGATACTTCAAAACCAGTAATGGACTTCATTGCAGTGGCA
570	0	TATAGAGTGAGCTTTAAAGTAAGGCTACAGAAGACAGGAAA
571	0	TGCCTGTCTCAGCCCGGATCAACTTCTGCTCCAGTTGTTGC
572	0	CCAGCAGAAACATTGACGCCATCTATGAATCAATCAAGACC
573	0	TTGCTTCCGCTATTTTTCAAATAAAATACAAAGGGCGTCAG
574	0	GTTTTTGCATATGCTGGCCTAATGGCTTGTAGGATTCTGGC
575	0	GAGAGGCAACTTCTAGAGCGAGATGCTGAGTTGGAGCTTTG
576	0	CAGGGCGTGACATTCCCGCTATTACCCAACCTCCAAATCCT
577	0	CGTTTAACAGAGCCATGGATAATGCCGAGCTTCAAAATTAT
578	0	AAATGAATAACAATATTTTTATGTATTAGAACTTGTCATTT
579	0	CCTCAGTTCCGAACATCATGAAGAACGGTGTTTCACCAGTG
580	0	GCACTTCAAACCTAAATCGTAGTCTTCAAGCTTTGCTCTCT
581	0	GACGTTGCTGAGGGGGATGTAGAGTCGGCCTGGGTCCTCCG
582	0	CTTTCACTTCACCAACAACTAAAAAAAAAGGCACGATAAAA
583	0	GGGTGTTGGGTAGCGAACCCAATCTTTGATACCCAATTGGC
584	0	GCTTAGTGAGCTTAGCAATGAAGTCTGCCACCGCTTGGCCC
585	0	TTGCCAGTTAACGTTGTGTTATGGAGAACAATGGTTTGAAT
586	0	CACTTGCAAGATAGAAAGGGAGAAGTTCCGCTAGAGGAGTT
587	0	GTTTAGCTCGGCCTTCGGGCACTTGTCAGTCGGGCTGCACG
588	0	CGATGCCTTGTAGCTTGGCGACTTCTTCCCCTATTGCACGA
589	0	TTGAACAATTTAAAATGCGTAGACTTAAAATCCAAATAAAA
590	0	CTGGGTCGAGCTGAGCGCCGATGCGGACTATTCTCTCAGGG
591	0	GAAAAGAGGTGAAAAAGAGCAGAAACGAGCATAAATTACGG
592	0	TCAACCAAGGATTTATTCTGAGCAAATGCTTTATACCCTTT
593	0	TAGCCAACCCCCAATGCACCAACCCCAGAATTGCCGTGTAC
594	0	TGGGGGAAACCTCTTCCCCTATCAAGAGTATATAAGTCAAC
595	0	GCGTTGTCAACCATGGACTTAATGAGCAAATGCTTTATACC
596	0	CTTGATCTGATTGTAACCGGAGAAGACATCCATCATGCTGA
597	0	AGCTTAGTTACGCGTGTGGCAGTTGTTTGGGATTACTATAC
598	0	TGGGTCGTGGGGCTGCCGGCAGGAGTAGGGTCCCTGCCACA
599	0	TGTCACGTAGAAACTGGGTGAGTTCAGCCGCTACCTCTGGG
